releaseID,releaseFishID,forkLength,ReleaseFish.comments
303,5137,38,
303,5149,39,
303,5126,33,
303,5127,37,
303,5128,36,
303,5129,40,
303,5130,34,
303,5131,32,
303,5132,37,
303,5133,36,
303,5134,38,
303,5124,33,
303,5136,36,
303,5123,34,
303,5138,34,
303,5139,37,
303,5140,36,
303,5141,38,
303,5142,39,
303,5143,47,
303,5144,37,
303,5145,37,
303,5146,32,
303,5099,37,
303,5135,33,
303,5112,33,
303,5100,34,
303,5101,37,
303,5102,38,
303,5103,36,
303,5104,33,
303,5105,36,
303,5106,36,
303,5107,37,
303,5108,32,
303,5109,34,
303,5125,32,
303,5111,34,
303,5151,42,
303,5113,45,
303,5114,39,
303,5115,36,
303,5116,39,
303,5117,37,
303,5118,37,
303,5119,45,
303,5120,37,
303,5121,36,
303,5122,37,
303,5110,38,
303,5189,35,
303,5147,42,
303,5178,37,
303,5179,38,
303,5180,33,
303,5181,47,
303,5182,33,
303,5183,30,
303,5184,32,
303,5185,37,
303,5186,33,
303,5176,39,
303,5188,37,
303,5175,35,
303,5190,36,
303,5191,36,
303,5192,32,
303,5193,37,
303,5194,33,
303,5195,43,
303,5196,33,
303,5197,42,
303,5198,32,
303,4999,44,
303,5187,36,
303,5164,35,
303,5152,38,
303,5153,33,
303,5154,39,
303,5155,46,
303,5156,36,
303,5157,37,
303,5158,38,
303,5159,33,
303,5160,36,
303,5161,37,
303,5177,36,
303,5163,36,
303,5148,43,
303,5165,37,
303,5166,34,
303,5167,38,
303,5168,39,
303,5169,44,
303,5170,38,
303,5171,39,
303,5172,36,
303,5173,37,
303,5174,36,
303,5162,35,
303,5037,34,
303,5025,33,
303,5026,39,
303,5027,38,
303,5028,32,
303,5029,33,
303,5030,37,
303,5031,33,
303,5032,38,
303,5033,32,
303,5034,37,
303,5048,38,
303,5036,37,
303,5022,34,
303,5038,35,
303,5039,31,
303,5040,36,
303,5041,34,
303,5042,34,
303,5043,32,
303,5044,33,
303,5045,37,
303,5046,34,
303,5047,36,
303,5035,31,
303,5011,32,
303,5150,31,
303,5000,41,
303,5098,37,
303,5002,36,
303,5003,32,
303,5004,38,
303,5005,37,
303,5006,33,
303,5007,33,
303,5008,36,
303,5024,35,
303,5010,34,
303,5023,33,
303,5012,37,
303,5013,33,
303,5014,36,
303,5015,39,
303,5016,37,
303,5017,33,
303,5018,37,
303,5019,34,
303,5020,38,
303,5021,38,
303,5001,33,
303,5009,37,
303,5085,36,
303,5073,38,
303,5074,34,
303,5075,38,
303,5076,33,
303,5077,39,
303,5078,38,
303,5079,38,
303,5080,36,
303,5081,33,
303,5082,37,
303,5072,38,
303,5084,37,
303,5095,36,
303,5086,33,
303,5087,32,
303,5088,37,
303,5089,33,
303,5090,37,
303,5091,37,
303,5092,37,
303,5093,39,
303,5094,37,
303,5096,37,
303,5083,38,
303,5055,43,
303,5071,44,
303,5097,36,
303,5050,33,
303,5051,36,
303,5052,38,
303,5054,44,
303,5049,36,
303,5056,33,
303,5057,36,
303,5058,37,
303,5059,39,
303,5066,36,
303,5069,33,
303,5053,32,
303,5060,34,
303,5067,35,
303,5070,37,
303,5065,37,
303,5064,38,
303,5063,34,
303,5062,33,
303,5061,36,
303,5068,36,
304,5326,36,
304,5333,34,
304,5335,35,
304,5334,30,
304,5332,37,
304,5331,36,
304,5330,37,
304,5329,46,
304,5327,36,
304,5336,37,
304,5328,42,
304,5337,56,
304,5338,37,
304,5339,32,
304,5340,37,
304,5341,35,
304,5342,41,
304,5343,37,
304,5344,37,
304,5345,35,
304,5325,39,
304,5347,35,
304,5312,37,
304,5348,35,
304,5346,37,
304,5311,35,
304,5301,38,
304,5375,38,
304,5349,44,
304,5302,40,
304,5303,36,
304,5304,37,
304,5305,53,
304,5306,39,
304,5307,37,
304,5308,37,
304,5314,35,
304,5310,38,
304,5324,36,
304,5313,36,
304,5315,46,
304,5316,41,
304,5317,41,
304,5318,36,
304,5319,39,
304,5320,37,
304,5321,34,
304,5322,34,
304,5323,38,
304,5309,37,
304,5388,39,
304,5373,43,
304,5377,43,
304,5378,37,
304,5379,36,
304,5380,32,
304,5381,43,
304,5382,43,
304,5383,45,
304,5384,35,
304,5385,62,
304,5300,43,
304,5387,39,
304,5374,43,
304,5389,41,
304,5390,40,
304,5391,33,
304,5392,44,
304,5393,39,
304,5394,36,
304,5395,42,
304,5396,46,
304,5397,40,
304,5222,36,
304,5386,43,
304,5363,58,
304,5351,36,
304,5352,37,
304,5353,37,
304,5354,34,
304,5355,54,
304,5356,38,
304,5357,33,
304,5358,38,
304,5359,37,
304,5360,38,
304,5376,44,
304,5362,32,
304,5350,39,
304,5364,52,
304,5365,55,
304,5366,43,
304,5367,44,
304,5368,38,
304,5369,38,
304,5370,40,
304,5371,56,
304,5372,47,
304,5398,42,
304,5361,34,
304,5237,33,
304,5248,37,
304,5299,34,
304,5227,36,
304,5228,37,
304,5229,36,
304,5230,33,
304,5231,36,
304,5232,34,
304,5233,37,
304,5234,39,
304,5224,36,
304,5236,34,
304,5223,40,
304,5238,36,
304,5239,37,
304,5240,34,
304,5241,36,
304,5242,37,
304,5243,36,
304,5244,37,
304,5245,31,
304,5246,29,
304,5247,32,
304,5235,36,
304,5211,42,
304,5199,42,
304,5200,46,
304,5201,43,
304,5202,47,
304,5203,41,
304,5204,41,
304,5205,53,
304,5206,42,
304,5207,41,
304,5208,41,
304,5225,34,
304,5210,44,
304,5226,37,
304,5212,48,
304,5213,43,
304,5214,44,
304,5215,33,
304,5216,33,
304,5217,31,
304,5218,35,
304,5219,35,
304,5220,35,
304,5221,37,
304,5209,48,
304,5287,38,
304,5275,36,
304,5276,39,
304,5277,37,
304,5278,33,
304,5279,37,
304,5280,39,
304,5281,36,
304,5282,37,
304,5283,35,
304,5284,31,
304,5274,38,
304,5286,35,
304,5296,39,
304,5288,35,
304,5289,35,
304,5290,33,
304,5291,36,
304,5292,30,
304,5293,35,
304,5294,35,
304,5295,34,
304,5249,42,
304,5297,38,
304,5285,36,
304,5251,53,
304,5298,37,
304,5273,34,
304,5250,40,
304,5252,42,
304,5253,43,
304,5254,40,
304,5255,40,
304,5256,40,
304,5257,41,
304,5258,42,
304,5259,43,
304,5260,45,
304,5268,42,
304,5261,44,
304,5272,35,
304,5269,45,
304,5271,37,
304,5267,40,
304,5266,42,
304,5265,40,
304,5264,40,
304,5263,45,
304,5262,43,
304,5270,40,
305,5466,43,
305,5463,55,
305,5464,48,
305,5465,44,
305,5467,53,
305,5468,48,
305,5469,47,
305,5462,47,
305,5471,46,
305,5456,51,
305,5470,44,
305,5450,55,
305,5461,47,
305,5460,45,
305,5459,43,
305,5451,44,
305,5457,49,
305,5455,52,
305,5454,45,
305,5453,44,
305,5452,49,
305,5472,48,
305,5488,46,
305,5458,50,
305,5487,49,
305,5475,49,
305,5449,49,
305,5498,48,
305,5497,54,
305,5496,54,
305,5495,42,
305,5494,53,
305,5493,53,
305,5492,48,
305,5491,46,
305,5486,52,
305,5489,50,
305,5473,50,
305,5485,50,
305,5484,48,
305,5483,47,
305,5482,49,
305,5481,52,
305,5480,49,
305,5479,45,
305,5478,53,
305,5476,48,
305,5474,52,
305,5490,52,
305,5411,49,
305,5399,47,
305,5421,50,
305,5448,50,
305,5420,48,
305,5419,49,
305,5418,55,
305,5417,50,
305,5416,51,
305,5415,53,
305,5414,52,
305,5422,50,
305,5412,46,
305,5401,52,
305,5410,47,
305,5409,54,
305,5408,54,
305,5407,53,
305,5406,48,
305,5405,50,
305,5404,51,
305,5403,53,
305,5402,52,
305,5400,42,
305,5477,55,
305,5413,47,
305,5440,52,
305,5447,50,
305,5445,48,
305,5444,50,
305,5443,42,
305,5423,52,
305,5441,51,
305,5446,45,
305,5439,45,
305,5438,51,
305,5437,50,
305,5436,45,
305,5427,51,
305,5442,49,
305,5435,45,
305,5426,53,
305,5424,52,
305,5428,52,
305,5429,54,
305,5430,45,
305,5431,49,
305,5432,50,
305,5433,52,
305,5434,54,
305,5425,53,
306,5566,48,
306,5562,42,
306,5563,45,
306,5564,45,
306,5565,48,
306,5567,46,
306,5568,44,
306,5569,48,
306,5570,48,
306,5572,48,
306,5571,47,
306,5561,46,
306,5560,46,
306,5559,44,
306,5558,45,
306,5557,44,
306,5556,48,
306,5555,44,
306,5554,46,
306,5553,45,
306,5552,47,
306,5550,47,
306,5587,45,
306,5551,49,
306,5586,48,
306,5573,47,
306,5549,42,
306,5597,48,
306,5596,40,
306,5595,45,
306,5594,44,
306,5593,49,
306,5592,45,
306,5591,47,
306,5590,49,
306,5585,50,
306,5588,48,
306,5574,50,
306,5598,45,
306,5584,42,
306,5583,43,
306,5582,41,
306,5581,40,
306,5580,44,
306,5579,43,
306,5578,42,
306,5577,47,
306,5576,47,
306,5589,46,
306,5509,50,
306,5521,47,
306,5520,45,
306,5519,48,
306,5518,46,
306,5517,47,
306,5516,48,
306,5515,47,
306,5514,45,
306,5513,49,
306,5512,48,
306,5522,49,
306,5510,42,
306,5500,48,
306,5508,44,
306,5507,43,
306,5506,48,
306,5505,45,
306,5504,39,
306,5503,46,
306,5502,44,
306,5501,47,
306,5499,42,
306,5548,50,
306,5575,49,
306,5511,46,
306,5538,45,
306,5546,45,
306,5547,47,
306,5544,51,
306,5543,47,
306,5542,44,
306,5541,46,
306,5523,47,
306,5539,47,
306,5545,47,
306,5537,49,
306,5536,46,
306,5535,47,
306,5527,47,
306,5540,49,
306,5534,50,
306,5526,46,
306,5524,45,
306,5528,51,
306,5529,48,
306,5530,45,
306,5531,47,
306,5532,48,
306,5533,44,
306,5525,44,
307,5667,56,
307,5664,61,
307,5665,53,
307,5666,57,
307,5668,54,
307,5669,56,
307,5670,58,
307,5671,62,
307,5672,61,
307,5673,58,
307,5663,53,
307,5662,52,
307,5661,54,
307,5660,63,
307,5659,54,
307,5658,53,
307,5657,56,
307,5656,54,
307,5655,61,
307,5654,52,
307,5652,58,
307,5686,57,
307,5651,57,
307,5653,54,
307,5687,59,
307,5698,54,
307,5623,58,
307,5650,48,
307,5696,52,
307,5695,56,
307,5694,57,
307,5693,54,
307,5692,56,
307,5691,58,
307,5690,57,
307,5684,58,
307,5688,56,
307,5674,57,
307,5685,53,
307,5697,54,
307,5683,64,
307,5682,57,
307,5681,56,
307,5680,54,
307,5679,61,
307,5678,53,
307,5677,55,
307,5676,57,
307,5675,52,
307,5689,58,
307,5609,53,
307,5621,57,
307,5625,61,
307,5619,58,
307,5618,53,
307,5617,54,
307,5616,53,
307,5615,52,
307,5614,54,
307,5613,56,
307,5612,54,
307,5649,53,
307,5610,54,
307,5622,57,
307,5608,57,
307,5607,58,
307,5606,51,
307,5605,58,
307,5604,57,
307,5603,57,
307,5602,56,
307,5601,57,
307,5600,58,
307,5599,53,
307,5611,52,
307,5637,54,
307,5648,47,
307,5647,54,
307,5646,56,
307,5645,58,
307,5644,57,
307,5643,64,
307,5642,60,
307,5641,56,
307,5640,57,
307,5620,57,
307,5638,57,
307,5624,48,
307,5636,57,
307,5635,56,
307,5634,54,
307,5633,53,
307,5632,54,
307,5631,57,
307,5630,58,
307,5629,56,
307,5628,47,
307,5627,43,
307,5626,60,
307,5639,52,
308,5699,73,
308,5702,76,
308,5701,80,
308,5700,82,
309,5763,86,
309,5775,81,
309,5774,96,
309,5773,90,
309,5772,80,
309,5771,84,
309,5770,84,
309,5769,89,
309,5768,88,
309,5767,93,
309,5766,88,
309,5777,87,
309,5764,79,
309,5781,86,
309,5762,87,
309,5761,83,
309,5760,72,
309,5759,85,
309,5758,91,
309,5757,95,
309,5756,86,
309,5755,78,
309,5754,90,
309,5765,91,
309,5790,88,
309,5802,82,
309,5801,83,
309,5800,88,
309,5799,86,
309,5798,77,
309,5797,88,
309,5796,84,
309,5795,79,
309,5794,83,
309,5793,80,
309,5779,83,
309,5791,87,
309,5753,87,
309,5789,81,
309,5788,84,
309,5787,92,
309,5786,88,
309,5785,85,
309,5784,90,
309,5783,81,
309,5782,88,
309,5776,77,
309,5780,74,
309,5792,81,
309,5713,89,
309,5726,88,
309,5725,74,
309,5724,90,
309,5723,90,
309,5722,90,
309,5721,97,
309,5720,90,
309,5719,85,
309,5718,90,
309,5717,97,
309,5716,89,
309,5727,92,
309,5714,91,
309,5705,89,
309,5712,78,
309,5711,87,
309,5710,96,
309,5709,77,
309,5708,93,
309,5707,90,
309,5706,85,
309,5752,80,
309,5704,80,
309,5778,84,
309,5703,95,
309,5715,92,
309,5749,90,
309,5751,87,
309,5750,97,
309,5748,88,
309,5747,91,
309,5746,87,
309,5745,85,
309,5744,85,
309,5743,66,
309,5742,89,
309,5741,91,
309,5740,85,
309,5739,93,
309,5731,90,
309,5738,87,
309,5730,93,
309,5728,93,
309,5732,76,
309,5733,90,
309,5734,85,
309,5735,91,
309,5736,78,
309,5737,82,
309,5729,89,
310,5872,41,
310,5868,43,
310,5869,44,
310,5870,36,
310,5871,49,
310,5873,40,
310,5874,44,
310,5875,43,
310,5867,44,
310,5877,41,
310,5861,45,
310,5876,39,
310,5866,40,
310,5865,43,
310,5864,43,
310,5856,44,
310,5862,40,
310,5860,44,
310,5859,45,
310,5858,43,
310,5857,47,
310,5902,44,
310,5855,38,
310,5889,44,
310,5863,40,
310,5854,44,
310,5826,44,
310,5900,44,
310,5899,42,
310,5898,46,
310,5897,43,
310,5896,44,
310,5895,46,
310,5894,43,
310,5893,45,
310,5892,44,
310,5887,47,
310,5890,47,
310,5878,43,
310,5888,43,
310,5901,42,
310,5886,46,
310,5885,44,
310,5884,46,
310,5883,40,
310,5882,47,
310,5881,42,
310,5880,45,
310,5879,44,
310,5891,43,
310,5811,42,
310,5825,46,
310,5824,41,
310,5823,47,
310,5822,43,
310,5821,42,
310,5820,44,
310,5819,43,
310,5818,45,
310,5817,43,
310,5816,44,
310,5827,44,
310,5812,39,
310,5815,46,
310,5810,43,
310,5809,43,
310,5808,41,
310,5807,45,
310,5806,36,
310,5805,41,
310,5804,42,
310,5803,44,
310,5853,43,
310,5828,44,
310,5814,44,
310,5851,44,
310,5813,43,
310,5852,43,
310,5829,39,
310,5850,44,
310,5849,45,
310,5848,43,
310,5847,36,
310,5846,36,
310,5845,46,
310,5844,45,
310,5843,43,
310,5842,45,
310,5841,46,
310,5832,45,
310,5831,44,
310,5833,42,
310,5834,43,
310,5835,44,
310,5836,40,
310,5838,48,
310,5839,49,
310,5840,37,
310,5837,44,
310,5830,49,
311,5976,57,
311,5968,54,
311,5969,57,
311,5970,57,
311,5971,53,
311,5972,58,
311,5973,58,
311,5975,54,
311,5967,57,
311,5960,52,
311,5977,60,
311,5974,58,
311,5966,61,
311,5965,61,
311,5964,50,
311,5963,52,
311,5955,55,
311,5961,53,
311,5978,44,
311,5959,52,
311,5958,54,
311,5957,55,
311,5956,54,
311,5954,46,
311,5962,55,
311,5990,58,
311,5918,48,
311,6001,65,
311,6000,52,
311,5999,56,
311,5998,63,
311,5997,57,
311,5996,47,
311,5995,59,
311,5994,61,
311,5993,57,
311,6002,59,
311,5991,61,
311,5979,47,
311,5989,58,
311,5988,60,
311,5987,51,
311,5986,64,
311,5985,61,
311,5984,54,
311,5983,54,
311,5982,52,
311,5981,50,
311,5980,60,
311,5992,58,
311,5914,56,
311,5926,57,
311,5925,51,
311,5924,56,
311,5923,53,
311,5922,57,
311,5921,59,
311,5903,47,
311,5919,57,
311,5920,55,
311,5917,51,
311,5927,63,
311,5915,48,
311,5904,58,
311,5913,54,
311,5912,56,
311,5911,57,
311,5910,51,
311,5909,56,
311,5908,61,
311,5907,62,
311,5906,56,
311,5905,47,
311,5953,55,
311,5916,61,
311,5945,56,
311,5951,57,
311,5950,48,
311,5949,61,
311,5948,54,
311,5928,57,
311,5946,53,
311,5952,57,
311,5944,62,
311,5943,59,
311,5942,57,
311,5941,48,
311,5932,58,
311,5947,52,
311,5940,52,
311,5931,52,
311,5929,51,
311,5933,61,
311,5934,51,
311,5935,61,
311,5936,58,
311,5937,54,
311,5938,52,
311,5939,49,
311,5930,54,
312,6070,60,
312,6066,70,
312,6067,69,
312,6068,58,
312,6069,57,
312,6071,66,
312,6072,57,
312,6073,59,
312,6074,58,
312,6075,68,
312,6077,49,
312,6076,64,
312,6065,64,
312,6064,52,
312,6063,67,
312,6062,66,
312,6061,63,
312,6060,59,
312,6059,63,
312,6058,69,
312,6057,63,
312,6078,66,
312,6055,62,
312,6092,60,
312,6056,66,
312,6102,58,
312,6051,68,
312,6054,65,
312,6101,65,
312,6100,63,
312,6099,58,
312,6098,64,
312,6097,57,
312,6096,70,
312,6095,61,
312,6094,68,
312,6090,63,
312,6091,68,
312,6079,68,
312,6089,66,
312,6088,55,
312,6087,68,
312,6086,53,
312,6085,62,
312,6084,61,
312,6083,57,
312,6082,66,
312,6081,64,
312,6080,60,
312,6093,66,
312,6014,62,
312,6026,71,
312,6025,64,
312,6024,62,
312,6023,72,
312,6022,60,
312,6021,60,
312,6020,68,
312,6019,58,
312,6018,61,
312,6017,59,
312,6027,64,
312,6015,60,
312,6005,65,
312,6013,64,
312,6012,67,
312,6011,60,
312,6010,64,
312,6009,63,
312,6008,59,
312,6007,60,
312,6006,58,
312,6004,69,
312,6053,64,
312,6016,66,
312,6044,67,
312,6003,66,
312,6050,61,
312,6049,60,
312,6048,57,
312,6047,62,
312,6028,65,
312,6045,71,
312,6052,53,
312,6043,74,
312,6042,54,
312,6041,65,
312,6033,56,
312,6029,63,
312,6046,63,
312,6040,64,
312,6032,62,
312,6030,67,
312,6034,67,
312,6035,60,
312,6036,57,
312,6037,60,
312,6038,63,
312,6039,56,
312,6031,65,
313,6169,74,
313,6166,68,
313,6167,70,
313,6168,76,
313,6170,71,
313,6171,78,
313,6172,69,
313,6173,63,
313,6175,72,
313,6174,72,
313,6165,71,
313,6164,69,
313,6163,71,
313,6162,74,
313,6161,69,
313,6160,64,
313,6159,77,
313,6158,72,
313,6157,83,
313,6156,71,
313,6176,76,
313,6154,72,
313,6192,65,
313,6155,69,
313,6191,76,
313,6153,71,
313,6177,77,
313,6202,73,
313,6201,70,
313,6200,74,
313,6199,66,
313,6198,57,
313,6197,67,
313,6196,77,
313,6195,75,
313,6190,70,
313,6193,61,
313,6178,72,
313,6189,73,
313,6188,78,
313,6187,77,
313,6186,77,
313,6185,67,
313,6184,73,
313,6183,70,
313,6182,79,
313,6181,67,
313,6180,64,
313,6194,66,
313,6114,70,
313,6126,74,
313,6125,75,
313,6124,68,
313,6123,76,
313,6122,81,
313,6121,73,
313,6120,64,
313,6119,75,
313,6118,74,
313,6117,74,
313,6127,79,
313,6115,70,
313,6105,80,
313,6113,67,
313,6112,76,
313,6111,63,
313,6110,70,
313,6109,75,
313,6108,78,
313,6107,75,
313,6106,76,
313,6104,75,
313,6179,70,
313,6152,65,
313,6116,65,
313,6142,81,
313,6150,80,
313,6151,76,
313,6148,72,
313,6147,78,
313,6146,79,
313,6145,69,
313,6103,75,
313,6143,75,
313,6149,70,
313,6141,70,
313,6140,76,
313,6139,75,
313,6131,61,
313,6144,62,
313,6138,71,
313,6130,68,
313,6128,78,
313,6132,80,
313,6133,78,
313,6134,70,
313,6135,71,
313,6136,70,
313,6137,64,
313,6129,68,
314,6270,79,
314,6267,74,
314,6268,85,
314,6269,86,
314,6271,77,
314,6272,88,
314,6273,82,
314,6274,84,
314,6275,77,
314,6277,80,
314,6266,87,
314,6265,86,
314,6264,80,
314,6263,73,
314,6262,80,
314,6261,84,
314,6260,90,
314,6259,90,
314,6258,84,
314,6257,76,
314,6255,85,
314,6290,90,
314,6254,80,
314,6256,84,
314,6291,79,
314,6302,82,
314,6276,79,
314,6253,71,
314,6300,89,
314,6299,78,
314,6298,74,
314,6297,82,
314,6296,87,
314,6295,70,
314,6294,83,
314,6288,83,
314,6292,80,
314,6279,87,
314,6289,85,
314,6301,80,
314,6287,75,
314,6286,89,
314,6285,78,
314,6284,84,
314,6283,79,
314,6282,68,
314,6281,79,
314,6280,82,
314,6293,71,
314,6213,85,
314,6225,83,
314,6224,75,
314,6223,87,
314,6222,79,
314,6221,84,
314,6220,81,
314,6219,90,
314,6218,76,
314,6217,80,
314,6203,85,
314,6226,85,
314,6252,78,
314,6216,85,
314,6212,84,
314,6211,85,
314,6210,84,
314,6209,80,
314,6208,83,
314,6207,84,
314,6206,82,
314,6205,92,
314,6204,83,
314,6278,87,
314,6215,87,
314,6244,81,
314,6251,90,
314,6214,79,
314,6227,87,
314,6250,85,
314,6249,81,
314,6248,85,
314,6247,80,
314,6245,75,
314,6243,90,
314,6242,86,
314,6241,77,
314,6240,85,
314,6230,90,
314,6228,80,
314,6246,86,
314,6229,89,
314,6239,83,
314,6231,82,
314,6232,86,
314,6233,82,
314,6235,93,
314,6236,88,
314,6237,82,
314,6238,80,
314,6234,83,
315,6428,34,
315,6435,35,
315,6434,32,
315,6433,36,
315,6432,35,
315,6431,34,
315,6427,36,
315,6429,35,
315,6450,34,
315,6436,34,
315,6430,35,
315,6437,36,
315,6438,30,
315,6439,35,
315,6440,38,
315,6441,35,
315,6442,36,
315,6443,35,
315,6444,35,
315,6445,35,
315,6446,35,
315,6447,35,
315,6449,36,
315,6448,35,
315,6414,35,
315,6478,35,
315,6405,34,
315,6451,35,
315,6407,35,
315,6408,36,
315,6502,35,
315,6409,34,
315,6395,33,
315,6410,35,
315,6411,33,
315,6406,35,
315,6413,32,
315,6426,34,
315,6415,33,
315,6416,33,
315,6417,34,
315,6418,35,
315,6419,36,
315,6420,35,
315,6421,34,
315,6422,35,
315,6423,34,
315,6424,35,
315,6425,35,
315,6412,35,
315,6492,33,
315,6476,32,
315,6481,34,
315,6482,34,
315,6483,35,
315,6484,35,
315,6485,35,
315,6486,35,
315,6487,36,
315,6488,34,
315,6489,36,
315,6479,33,
315,6491,36,
315,6477,36,
315,6493,35,
315,6494,33,
315,6495,35,
315,6496,34,
315,6497,35,
315,6498,35,
315,6499,34,
315,6500,35,
315,6501,35,
315,6404,35,
315,6490,37,
315,6465,30,
315,6453,35,
315,6454,35,
315,6455,30,
315,6456,36,
315,6457,35,
315,6458,32,
315,6459,35,
315,6460,32,
315,6461,32,
315,6462,35,
315,6480,36,
315,6464,34,
315,6452,36,
315,6466,34,
315,6467,35,
315,6468,34,
315,6469,35,
315,6470,34,
315,6471,34,
315,6472,36,
315,6473,35,
315,6474,35,
315,6475,34,
315,6463,34,
315,6340,33,
315,6351,36,
315,6329,34,
315,6330,34,
315,6331,34,
315,6332,33,
315,6333,33,
315,6334,35,
315,6335,34,
315,6336,31,
315,6337,35,
315,6326,39,
315,6339,33,
315,6324,34,
315,6341,34,
315,6342,34,
315,6343,34,
315,6344,35,
315,6345,33,
315,6346,35,
315,6347,34,
315,6348,33,
315,6349,32,
315,6350,33,
315,6338,34,
315,6313,34,
315,6403,33,
315,6397,33,
315,6303,30,
315,6304,32,
315,6305,36,
315,6306,35,
315,6307,33,
315,6308,33,
315,6309,34,
315,6310,36,
315,6328,34,
315,6312,34,
315,6327,35,
315,6314,34,
315,6315,33,
315,6316,33,
315,6317,33,
315,6318,37,
315,6319,33,
315,6320,31,
315,6321,37,
315,6322,34,
315,6323,33,
315,6311,33,
315,6390,33,
315,6378,35,
315,6379,35,
315,6380,34,
315,6381,37,
315,6382,34,
315,6383,35,
315,6384,33,
315,6385,35,
315,6386,35,
315,6387,33,
315,6377,35,
315,6389,34,
315,6401,33,
315,6391,36,
315,6392,37,
315,6393,34,
315,6394,37,
315,6396,34,
315,6398,36,
315,6399,36,
315,6400,36,
315,6352,36,
315,6402,34,
315,6325,34,
315,6388,35,
315,6355,34,
315,6354,33,
315,6356,34,
315,6357,36,
315,6358,39,
315,6359,33,
315,6360,35,
315,6361,35,
315,6362,34,
315,6363,35,
315,6364,37,
315,6365,34,
315,6373,36,
315,6353,37,
315,6366,34,
315,6374,37,
315,6376,37,
315,6372,35,
315,6371,35,
315,6370,34,
315,6369,34,
315,6368,34,
315,6367,35,
315,6375,34,
316,6568,54,
316,6569,61,
316,6570,50,
316,6571,57,
316,6572,52,
316,6573,54,
316,6574,46,
316,6567,55,
316,6576,57,
316,6559,44,
316,6577,50,
316,6575,39,
316,6566,57,
316,6565,55,
316,6564,62,
316,6563,55,
316,6562,53,
316,6560,47,
316,6558,47,
316,6557,54,
316,6556,47,
316,6578,59,
316,6591,56,
316,6555,54,
316,6561,58,
316,6590,58,
316,6527,53,
316,6601,55,
316,6600,53,
316,6599,54,
316,6598,57,
316,6597,56,
316,6596,56,
316,6595,56,
316,6594,52,
316,6593,58,
316,6589,51,
316,6554,55,
316,6579,51,
316,6602,52,
316,6588,51,
316,6587,42,
316,6586,43,
316,6585,58,
316,6584,55,
316,6583,54,
316,6582,49,
316,6581,54,
316,6580,57,
316,6592,55,
316,6512,37,
316,6525,56,
316,6524,49,
316,6523,53,
316,6522,49,
316,6521,56,
316,6520,55,
316,6519,53,
316,6518,57,
316,6504,50,
316,6516,48,
316,6526,54,
316,6513,52,
316,6517,50,
316,6511,45,
316,6510,44,
316,6509,56,
316,6508,55,
316,6507,51,
316,6506,56,
316,6505,52,
316,6553,48,
316,6529,53,
316,6503,44,
316,6514,48,
316,6549,55,
316,6552,53,
316,6551,52,
316,6515,51,
316,6550,51,
316,6528,60,
316,6548,52,
316,6547,53,
316,6546,47,
316,6545,45,
316,6544,44,
316,6543,45,
316,6542,52,
316,6541,53,
316,6531,56,
316,6540,58,
316,6530,52,
316,6532,54,
316,6533,47,
316,6534,49,
316,6536,55,
316,6537,52,
316,6538,53,
316,6539,58,
316,6535,42,
317,6675,71,
317,6669,66,
317,6670,68,
317,6671,73,
317,6672,69,
317,6656,63,
317,6677,67,
317,6676,76,
317,6674,72,
317,6668,71,
317,6661,61,
317,6673,71,
317,6667,69,
317,6666,70,
317,6665,68,
317,6664,67,
317,6657,53,
317,6662,63,
317,6660,66,
317,6659,63,
317,6658,62,
317,6655,69,
317,6678,70,
317,6663,59,
317,6690,72,
317,6654,68,
317,6620,61,
317,6701,67,
317,6699,74,
317,6698,70,
317,6697,72,
317,6696,68,
317,6695,70,
317,6694,67,
317,6693,73,
317,6700,69,
317,6691,79,
317,6679,73,
317,6689,77,
317,6688,72,
317,6687,70,
317,6686,66,
317,6685,69,
317,6684,74,
317,6702,68,
317,6683,70,
317,6682,68,
317,6681,71,
317,6680,70,
317,6692,72,
317,6611,60,
317,6627,69,
317,6626,62,
317,6625,57,
317,6624,57,
317,6623,65,
317,6621,63,
317,6619,68,
317,6618,74,
317,6617,72,
317,6616,66,
317,6628,63,
317,6612,62,
317,6615,73,
317,6610,66,
317,6609,67,
317,6608,70,
317,6607,69,
317,6606,69,
317,6605,69,
317,6604,69,
317,6603,69,
317,6622,69,
317,6653,64,
317,6614,62,
317,6644,68,
317,6652,64,
317,6651,64,
317,6613,61,
317,6629,60,
317,6649,65,
317,6648,57,
317,6647,61,
317,6645,63,
317,6650,67,
317,6643,66,
317,6642,60,
317,6641,56,
317,6633,67,
317,6630,62,
317,6631,49,
317,6646,67,
317,6632,65,
317,6634,65,
317,6635,65,
317,6637,63,
317,6638,60,
317,6639,66,
317,6636,66,
317,6640,66,
318,6772,65,
318,6767,65,
318,6768,67,
318,6769,81,
318,6770,70,
318,6774,81,
318,6776,67,
318,6773,79,
318,6775,73,
318,6766,76,
318,6771,65,
318,6765,79,
318,6764,80,
318,6763,80,
318,6762,74,
318,6761,81,
318,6760,80,
318,6759,68,
318,6758,77,
318,6757,64,
318,6755,76,
318,6777,75,
318,6802,75,
318,6756,76,
318,6790,83,
318,6745,74,
318,6801,78,
318,6754,73,
318,6799,70,
318,6798,81,
318,6797,77,
318,6796,70,
318,6795,57,
318,6794,71,
318,6793,75,
318,6800,74,
318,6791,74,
318,6778,84,
318,6789,75,
318,6788,67,
318,6787,78,
318,6786,70,
318,6785,65,
318,6784,66,
318,6783,67,
318,6782,57,
318,6781,75,
318,6780,70,
318,6779,68,
318,6792,75,
318,6713,76,
318,6725,67,
318,6724,64,
318,6723,79,
318,6722,65,
318,6721,74,
318,6720,73,
318,6719,75,
318,6718,68,
318,6717,75,
318,6716,76,
318,6726,71,
318,6714,75,
318,6709,78,
318,6712,76,
318,6711,73,
318,6710,70,
318,6753,73,
318,6708,67,
318,6747,70,
318,6706,69,
318,6705,76,
318,6704,68,
318,6703,69,
318,6715,67,
318,6749,78,
318,6707,76,
318,6727,66,
318,6752,75,
318,6750,75,
318,6748,67,
318,6746,71,
318,6744,68,
318,6743,70,
318,6742,70,
318,6741,73,
318,6740,67,
318,6730,72,
318,6738,83,
318,6737,68,
318,6736,67,
318,6735,68,
318,6734,67,
318,6733,79,
318,6732,80,
318,6731,70,
318,6728,71,
318,6729,76,
318,6751,59,
318,6739,77,
319,6828,74,
319,6827,70,
319,6826,72,
319,6825,80,
319,6829,76,
319,6823,75,
319,6835,72,
319,6822,71,
319,6824,73,
319,6830,75,
319,6831,74,
319,6832,67,
319,6834,76,
319,6836,64,
319,6838,75,
319,6821,67,
319,6807,69,
319,6833,73,
319,6812,72,
319,6839,84,
319,6803,63,
319,6804,65,
319,6805,74,
319,6806,75,
319,6808,75,
319,6809,70,
319,6811,70,
319,6820,75,
319,6813,70,
319,6814,75,
319,6815,74,
319,6816,70,
319,6817,72,
319,6818,67,
319,6819,72,
319,6810,73,
319,6878,67,
319,6871,66,
319,6884,61,
319,6883,69,
319,6882,67,
319,6881,55,
319,6886,60,
319,6879,68,
319,6887,70,
319,6877,69,
319,6876,72,
319,6875,71,
319,6874,67,
319,6873,68,
319,6872,64,
319,6880,61,
319,6894,69,
319,6837,67,
319,6902,69,
319,6901,76,
319,6900,74,
319,6899,80,
319,6885,60,
319,6896,78,
319,6895,55,
319,6893,72,
319,6892,69,
319,6891,64,
319,6890,66,
319,6889,59,
319,6888,65,
319,6898,75,
319,6846,78,
319,6853,65,
319,6852,76,
319,6851,74,
319,6850,72,
319,6849,78,
319,6854,67,
319,6847,75,
319,6845,72,
319,6844,69,
319,6842,79,
319,6841,69,
319,6840,74,
319,6870,62,
319,6897,77,
319,6848,74,
319,6865,62,
319,6869,71,
319,6868,67,
319,6843,76,
319,6855,68,
319,6867,54,
319,6866,57,
319,6864,57,
319,6863,63,
319,6859,60,
319,6856,53,
319,6862,64,
319,6857,65,
319,6861,68,
319,6860,67,
319,6858,63,
320,6968,49,
320,6969,53,
320,6970,48,
320,6971,48,
320,6974,45,
320,6973,47,
320,6977,49,
320,6967,44,
320,6959,48,
320,6975,47,
320,6976,41,
320,6972,48,
320,6966,48,
320,6965,43,
320,6964,45,
320,6963,49,
320,6962,49,
320,6960,45,
320,6958,48,
320,6957,45,
320,6978,45,
320,6995,47,
320,6956,49,
320,6955,48,
320,6961,43,
320,6990,42,
320,6945,45,
320,6954,45,
320,7002,37,
320,7001,46,
320,7000,46,
320,6999,45,
320,6998,46,
320,6997,40,
320,6996,44,
320,6994,46,
320,6993,49,
320,6991,47,
320,6979,45,
320,6989,47,
320,6988,48,
320,6987,45,
320,6986,44,
320,6985,45,
320,6984,47,
320,6983,45,
320,6982,47,
320,6981,43,
320,6980,51,
320,6992,48,
320,6913,42,
320,6925,47,
320,6924,47,
320,6923,44,
320,6922,48,
320,6921,44,
320,6920,49,
320,6919,45,
320,6918,47,
320,6917,45,
320,6916,48,
320,6926,42,
320,6914,47,
320,6904,45,
320,6912,50,
320,6911,46,
320,6910,44,
320,6909,46,
320,6908,50,
320,6907,49,
320,6906,47,
320,6905,44,
320,6953,46,
320,6903,48,
320,6947,49,
320,6915,43,
320,6950,49,
320,6927,39,
320,6951,46,
320,6949,48,
320,6948,44,
320,6946,44,
320,6944,49,
320,6943,49,
320,6942,44,
320,6941,48,
320,6940,47,
320,6939,45,
320,6932,45,
320,6928,50,
320,6952,46,
320,6930,45,
320,6938,43,
320,6931,44,
320,6929,49,
320,6933,45,
320,6934,47,
320,6935,49,
320,6936,47,
320,6937,46,
321,7067,35,
321,7069,36,
321,7070,36,
321,7068,35,
321,7071,34,
321,7072,37,
321,7073,36,
321,7075,35,
321,7060,35,
321,7076,35,
321,7077,35,
321,7074,36,
321,7066,34,
321,7065,38,
321,7064,36,
321,7063,35,
321,7061,37,
321,7059,37,
321,7058,34,
321,7057,34,
321,7078,34,
321,7091,35,
321,7056,38,
321,7055,36,
321,7062,57,
321,7090,35,
321,7044,35,
321,7054,35,
321,7101,35,
321,7100,35,
321,7099,37,
321,7098,36,
321,7097,35,
321,7096,37,
321,7095,34,
321,7094,35,
321,7089,35,
321,7092,34,
321,7079,37,
321,7102,37,
321,7088,33,
321,7087,36,
321,7086,35,
321,7085,35,
321,7084,34,
321,7083,34,
321,7082,34,
321,7081,38,
321,7080,35,
321,7093,36,
321,7014,35,
321,7027,35,
321,7026,34,
321,7025,35,
321,7024,36,
321,7023,34,
321,7022,40,
321,7021,37,
321,7020,35,
321,7019,36,
321,7018,36,
321,7028,35,
321,7016,36,
321,7017,34,
321,7013,34,
321,7012,36,
321,7011,37,
321,7010,36,
321,7009,36,
321,7008,35,
321,7007,34,
321,7006,36,
321,7005,35,
321,7046,35,
321,7004,37,
321,7045,37,
321,7052,35,
321,7015,38,
321,7029,34,
321,7050,35,
321,7049,34,
321,7048,57,
321,7003,36,
321,7051,34,
321,7053,34,
321,7043,33,
321,7042,37,
321,7032,34,
321,7030,35,
321,7047,34,
321,7031,36,
321,7041,36,
321,7033,37,
321,7034,37,
321,7035,35,
321,7036,34,
321,7037,35,
321,7038,35,
321,7039,35,
321,7040,36,
322,7174,36,
322,7167,37,
322,7168,33,
322,7169,32,
322,7170,34,
322,7171,33,
322,7175,34,
322,7173,33,
322,7166,35,
322,7176,36,
322,7172,36,
322,7165,34,
322,7164,36,
322,7163,32,
322,7162,33,
322,7161,36,
322,7160,36,
322,7159,37,
322,7158,35,
322,7157,36,
322,7156,37,
322,7154,37,
322,7177,36,
322,7155,38,
322,7190,36,
322,7202,33,
322,7151,34,
322,7201,36,
322,7199,36,
322,7198,34,
322,7197,36,
322,7196,33,
322,7195,34,
322,7194,37,
322,7193,37,
322,7200,35,
322,7191,35,
322,7178,33,
322,7189,36,
322,7188,33,
322,7187,35,
322,7186,36,
322,7185,34,
322,7184,36,
322,7183,32,
322,7182,34,
322,7181,35,
322,7180,33,
322,7179,37,
322,7192,31,
322,7112,36,
322,7125,38,
322,7124,36,
322,7123,36,
322,7122,34,
322,7121,33,
322,7120,36,
322,7119,37,
322,7118,33,
322,7117,38,
322,7116,36,
322,7126,34,
322,7114,36,
322,7115,35,
322,7111,34,
322,7110,37,
322,7109,32,
322,7108,36,
322,7107,34,
322,7106,34,
322,7105,33,
322,7104,36,
322,7152,36,
322,7153,33,
322,7103,34,
322,7149,34,
322,7113,37,
322,7150,38,
322,7127,37,
322,7148,33,
322,7147,36,
322,7146,32,
322,7145,38,
322,7144,37,
322,7143,36,
322,7142,33,
322,7141,36,
322,7140,34,
322,7129,38,
322,7128,39,
322,7130,32,
322,7131,39,
322,7132,33,
322,7133,32,
322,7135,37,
322,7136,36,
322,7137,33,
322,7138,34,
322,7139,36,
322,7134,34,
323,7275,35,
323,7267,38,
323,7268,36,
323,7269,56,
323,7270,47,
323,7271,36,
323,7272,38,
323,7276,37,
323,7274,37,
323,7266,37,
323,7259,39,
323,7273,38,
323,7265,39,
323,7264,36,
323,7263,32,
323,7262,36,
323,7254,34,
323,7260,55,
323,7277,35,
323,7258,38,
323,7257,37,
323,7256,36,
323,7255,35,
323,7261,42,
323,7291,38,
323,7282,39,
323,7302,36,
323,7301,36,
323,7300,37,
323,7299,38,
323,7298,37,
323,7297,62,
323,7296,39,
323,7295,37,
323,7294,44,
323,7253,38,
323,7292,38,
323,7278,38,
323,7290,38,
323,7289,54,
323,7288,58,
323,7287,45,
323,7286,38,
323,7285,36,
323,7283,38,
323,7281,63,
323,7280,56,
323,7279,36,
323,7293,58,
323,7215,34,
323,7225,38,
323,7224,35,
323,7223,52,
323,7203,37,
323,7222,47,
323,7284,39,
323,7221,57,
323,7220,35,
323,7219,37,
323,7218,35,
323,7226,37,
323,7216,34,
323,7211,60,
323,7214,36,
323,7213,38,
323,7212,58,
323,7210,52,
323,7208,35,
323,7207,37,
323,7206,38,
323,7205,36,
323,7204,37,
323,7252,35,
323,7217,35,
323,7246,34,
323,7209,37,
323,7227,39,
323,7251,37,
323,7250,36,
323,7249,38,
323,7247,37,
323,7245,38,
323,7244,36,
323,7243,58,
323,7242,55,
323,7241,36,
323,7240,37,
323,7232,62,
323,7228,35,
323,7229,32,
323,7248,36,
323,7239,36,
323,7230,38,
323,7231,38,
323,7233,37,
323,7234,37,
323,7235,35,
323,7236,37,
323,7237,38,
323,7238,57,
324,7357,40,
324,7358,41,
324,7346,42,
324,7352,44,
324,7359,48,
324,7355,47,
324,7354,43,
324,7353,43,
324,7356,47,
324,7351,41,
324,7350,44,
324,7349,40,
324,7347,47,
324,7345,37,
324,7360,43,
324,7374,43,
324,7344,46,
324,7343,42,
324,7348,40,
324,7369,51,
324,7339,43,
324,7342,42,
324,7378,46,
324,7377,45,
324,7376,45,
324,7375,47,
324,7373,54,
324,7372,48,
324,7370,43,
324,7361,46,
324,7368,41,
324,7367,46,
324,7366,43,
324,7365,40,
324,7364,48,
324,7363,42,
324,7362,50,
324,7371,46,
324,7310,43,
324,7320,44,
324,7319,43,
324,7318,44,
324,7317,49,
324,7316,42,
324,7315,40,
324,7314,47,
324,7321,45,
324,7312,48,
324,7311,43,
324,7308,42,
324,7307,48,
324,7306,47,
324,7305,43,
324,7304,42,
324,7303,43,
324,7341,50,
324,7313,49,
324,7334,42,
324,7340,45,
324,7309,45,
324,7322,44,
324,7338,43,
324,7337,44,
324,7335,40,
324,7333,44,
324,7332,42,
324,7325,45,
324,7330,45,
324,7329,45,
324,7328,46,
324,7323,48,
324,7327,46,
324,7326,48,
324,7331,43,
324,7336,43,
324,7324,42,
325,7444,33,
325,7445,38,
325,7446,37,
325,7447,36,
325,7448,35,
325,7449,38,
325,7451,38,
325,7443,37,
325,7433,41,
325,7452,36,
325,7453,38,
325,7450,36,
325,7442,37,
325,7441,40,
325,7440,36,
325,7439,42,
325,7438,36,
325,7437,35,
325,7436,35,
325,7434,36,
325,7432,36,
325,7431,36,
325,7454,35,
325,7474,37,
325,7435,37,
325,7466,37,
325,7389,35,
325,7478,36,
325,7477,38,
325,7476,35,
325,7475,36,
325,7430,37,
325,7473,35,
325,7471,36,
325,7470,35,
325,7469,36,
325,7472,36,
325,7467,36,
325,7455,37,
325,7465,35,
325,7464,38,
325,7463,36,
325,7462,37,
325,7461,38,
325,7460,37,
325,7459,37,
325,7458,35,
325,7457,35,
325,7456,33,
325,7468,37,
325,7388,36,
325,7402,40,
325,7401,37,
325,7400,35,
325,7399,35,
325,7398,36,
325,7397,35,
325,7396,34,
325,7395,35,
325,7394,37,
325,7380,35,
325,7403,37,
325,7390,36,
325,7393,36,
325,7387,37,
325,7386,35,
325,7385,38,
325,7384,36,
325,7383,37,
325,7382,37,
325,7381,37,
325,7429,35,
325,7391,34,
325,7379,34,
325,7392,36,
325,7425,37,
325,7428,38,
325,7427,36,
325,7426,37,
325,7404,34,
325,7424,36,
325,7423,33,
325,7422,35,
325,7421,33,
325,7420,35,
325,7419,37,
325,7418,34,
325,7417,34,
325,7407,33,
325,7405,37,
325,7406,37,
325,7408,40,
325,7409,37,
325,7410,37,
325,7411,36,
325,7413,42,
325,7414,35,
325,7415,33,
325,7416,31,
325,7412,35,
326,7551,62,
326,7544,62,
326,7545,67,
326,7546,63,
326,7547,61,
326,7548,62,
326,7552,68,
326,7550,65,
326,7543,65,
326,7553,63,
326,7537,64,
326,7549,67,
326,7542,66,
326,7541,67,
326,7540,68,
326,7533,62,
326,7538,53,
326,7554,59,
326,7536,63,
326,7535,61,
326,7534,69,
326,7531,62,
326,7532,66,
326,7539,63,
326,7578,62,
326,7530,63,
326,7489,64,
326,7577,58,
326,7575,64,
326,7574,65,
326,7573,62,
326,7572,62,
326,7571,66,
326,7570,63,
326,7569,65,
326,7576,66,
326,7567,66,
326,7555,63,
326,7566,61,
326,7565,58,
326,7564,52,
326,7563,62,
326,7562,64,
326,7561,66,
326,7560,58,
326,7559,64,
326,7558,68,
326,7557,62,
326,7556,61,
326,7568,64,
326,7487,64,
326,7503,62,
326,7502,55,
326,7501,63,
326,7500,60,
326,7499,55,
326,7498,58,
326,7497,65,
326,7496,58,
326,7495,63,
326,7494,66,
326,7504,66,
326,7488,63,
326,7493,63,
326,7486,62,
326,7485,58,
326,7484,62,
326,7483,64,
326,7482,54,
326,7481,61,
326,7480,62,
326,7479,61,
326,7529,62,
326,7491,59,
326,7492,64,
326,7526,63,
326,7528,63,
326,7490,59,
326,7527,60,
326,7505,56,
326,7525,62,
326,7524,57,
326,7523,66,
326,7522,67,
326,7521,60,
326,7520,68,
326,7519,64,
326,7518,59,
326,7517,58,
326,7508,61,
326,7507,66,
326,7509,62,
326,7510,54,
326,7511,57,
326,7512,60,
326,7514,60,
326,7515,62,
326,7516,65,
326,7513,50,
326,7506,68,
327,7650,66,
327,7642,66,
327,7643,65,
327,7644,66,
327,7645,68,
327,7646,64,
327,7647,63,
327,7649,60,
327,7641,64,
327,7634,64,
327,7651,59,
327,7648,59,
327,7640,62,
327,7639,55,
327,7638,66,
327,7637,62,
327,7630,63,
327,7635,61,
327,7652,65,
327,7633,66,
327,7632,65,
327,7631,63,
327,7678,59,
327,7636,63,
327,7665,62,
327,7627,57,
327,7677,64,
327,7675,65,
327,7674,63,
327,7673,62,
327,7672,61,
327,7671,61,
327,7670,62,
327,7669,67,
327,7668,58,
327,7676,68,
327,7666,60,
327,7653,65,
327,7664,59,
327,7663,61,
327,7662,61,
327,7661,64,
327,7660,62,
327,7659,63,
327,7658,63,
327,7657,62,
327,7656,60,
327,7655,65,
327,7654,63,
327,7667,62,
327,7588,66,
327,7601,61,
327,7600,63,
327,7599,60,
327,7598,64,
327,7597,63,
327,7596,50,
327,7595,64,
327,7594,59,
327,7593,57,
327,7592,63,
327,7602,63,
327,7590,63,
327,7591,66,
327,7587,62,
327,7586,65,
327,7585,62,
327,7584,64,
327,7583,59,
327,7582,61,
327,7581,54,
327,7580,62,
327,7628,59,
327,7629,59,
327,7579,66,
327,7625,58,
327,7589,61,
327,7626,58,
327,7603,65,
327,7624,64,
327,7623,52,
327,7622,65,
327,7621,60,
327,7620,57,
327,7619,65,
327,7618,61,
327,7617,63,
327,7616,62,
327,7605,58,
327,7604,54,
327,7606,65,
327,7607,69,
327,7608,62,
327,7609,58,
327,7611,70,
327,7612,60,
327,7613,62,
327,7614,64,
327,7615,57,
327,7610,63,
328,7751,82,
328,7743,74,
328,7744,77,
328,7745,74,
328,7746,81,
328,7747,74,
328,7748,76,
328,7752,78,
328,7750,77,
328,7742,76,
328,7735,71,
328,7749,78,
328,7741,88,
328,7740,71,
328,7739,78,
328,7738,79,
328,7730,77,
328,7736,75,
328,7753,81,
328,7734,78,
328,7733,84,
328,7732,82,
328,7731,77,
328,7737,75,
328,7766,74,
328,7729,76,
328,7777,73,
328,7776,82,
328,7775,79,
328,7774,78,
328,7773,82,
328,7772,75,
328,7771,80,
328,7770,70,
328,7769,76,
328,7778,77,
328,7767,77,
328,7754,76,
328,7765,80,
328,7764,80,
328,7763,72,
328,7762,75,
328,7761,72,
328,7758,77,
328,7759,75,
328,7757,74,
328,7756,77,
328,7755,77,
328,7768,72,
328,7690,82,
328,7701,82,
328,7700,83,
328,7699,76,
328,7760,73,
328,7698,84,
328,7697,80,
328,7696,76,
328,7695,79,
328,7694,78,
328,7693,80,
328,7702,76,
328,7691,77,
328,7680,77,
328,7689,81,
328,7688,82,
328,7687,75,
328,7686,71,
328,7685,81,
328,7684,77,
328,7683,77,
328,7682,90,
328,7681,80,
328,7679,71,
328,7692,82,
328,7720,76,
328,7728,78,
328,7726,78,
328,7725,76,
328,7724,76,
328,7723,91,
328,7703,79,
328,7721,77,
328,7727,72,
328,7719,78,
328,7718,75,
328,7717,72,
328,7716,74,
328,7707,75,
328,7704,82,
328,7722,74,
328,7715,70,
328,7706,78,
328,7708,75,
328,7709,75,
328,7710,73,
328,7711,77,
328,7712,80,
328,7713,75,
328,7714,69,
328,7705,76,
329,7853,37,
329,7846,36,
329,7843,35,
329,7844,35,
329,7845,35,
329,7847,36,
329,7848,35,
329,7849,37,
329,7850,39,
329,7852,36,
329,7851,35,
329,7842,35,
329,7841,37,
329,7840,37,
329,7839,36,
329,7838,38,
329,7837,39,
329,7836,37,
329,7835,35,
329,7834,36,
329,7833,37,
329,7854,35,
329,7831,37,
329,7868,39,
329,7832,37,
329,7867,37,
329,7827,36,
329,7830,38,
329,7878,37,
329,7877,35,
329,7876,34,
329,7875,35,
329,7874,36,
329,7873,35,
329,7872,37,
329,7871,37,
329,7866,36,
329,7869,36,
329,7855,36,
329,7865,38,
329,7864,37,
329,7863,37,
329,7862,35,
329,7861,37,
329,7860,37,
329,7859,38,
329,7858,36,
329,7857,35,
329,7856,39,
329,7870,37,
329,7790,37,
329,7802,35,
329,7801,36,
329,7800,35,
329,7799,36,
329,7798,38,
329,7797,37,
329,7796,35,
329,7795,38,
329,7794,39,
329,7793,38,
329,7803,35,
329,7791,38,
329,7780,36,
329,7789,36,
329,7788,33,
329,7787,35,
329,7786,34,
329,7785,39,
329,7784,31,
329,7783,39,
329,7782,34,
329,7781,36,
329,7779,33,
329,7829,36,
329,7792,37,
329,7820,33,
329,7826,39,
329,7825,37,
329,7824,34,
329,7823,36,
329,7804,35,
329,7821,34,
329,7828,35,
329,7819,36,
329,7818,37,
329,7817,38,
329,7816,36,
329,7808,37,
329,7822,36,
329,7815,35,
329,7807,34,
329,7805,35,
329,7809,37,
329,7810,36,
329,7811,38,
329,7812,33,
329,7813,35,
329,7814,35,
329,7806,35,
330,7946,35,
330,7942,36,
330,7943,36,
330,7944,35,
330,7945,34,
330,7947,34,
330,7948,35,
330,7949,36,
330,7950,35,
330,7952,36,
330,7951,36,
330,7941,34,
330,7940,37,
330,7939,36,
330,7938,35,
330,7937,35,
330,7936,35,
330,7935,37,
330,7934,34,
330,7933,36,
330,7932,35,
330,7953,34,
330,7930,37,
330,7966,34,
330,7931,34,
330,7965,35,
330,7929,36,
330,7977,35,
330,7976,33,
330,7975,36,
330,7974,35,
330,7973,34,
330,7972,36,
330,7971,36,
330,7970,36,
330,7969,35,
330,7964,35,
330,7967,37,
330,7954,35,
330,7978,36,
330,7963,33,
330,7962,33,
330,7961,35,
330,7960,36,
330,7959,36,
330,7958,35,
330,7957,37,
330,7956,35,
330,7955,35,
330,7968,34,
330,7889,36,
330,7901,38,
330,7900,36,
330,7899,35,
330,7898,34,
330,7897,34,
330,7896,34,
330,7895,35,
330,7894,36,
330,7893,34,
330,7892,36,
330,7902,35,
330,7890,36,
330,7880,36,
330,7888,35,
330,7887,35,
330,7886,35,
330,7885,33,
330,7884,38,
330,7883,34,
330,7882,36,
330,7881,35,
330,7879,37,
330,7928,35,
330,7891,34,
330,7920,35,
330,7926,36,
330,7925,37,
330,7924,35,
330,7923,37,
330,7903,34,
330,7921,36,
330,7927,33,
330,7919,35,
330,7918,37,
330,7917,36,
330,7916,37,
330,7907,37,
330,7922,36,
330,7915,37,
330,7906,35,
330,7904,36,
330,7908,37,
330,7909,33,
330,7910,36,
330,7911,34,
330,7912,35,
330,7913,37,
330,7914,37,
330,7905,36,
331,8046,51,
331,8042,53,
331,8043,53,
331,8044,61,
331,8045,59,
331,8047,46,
331,8048,58,
331,8049,55,
331,8050,54,
331,8051,55,
331,8053,58,
331,8052,54,
331,8041,56,
331,8040,57,
331,8039,54,
331,8038,58,
331,8037,53,
331,8036,60,
331,8035,54,
331,8034,54,
331,8033,58,
331,8054,57,
331,8031,55,
331,8068,56,
331,8032,54,
331,7979,54,
331,8028,57,
331,8029,58,
331,8077,58,
331,8076,55,
331,8075,57,
331,8074,48,
331,8073,57,
331,8072,56,
331,8071,53,
331,8070,53,
331,8066,47,
331,8067,56,
331,8055,52,
331,8065,53,
331,8064,62,
331,8063,52,
331,8062,62,
331,8061,55,
331,8060,50,
331,8059,60,
331,8058,59,
331,8057,58,
331,8056,57,
331,8069,58,
331,7989,62,
331,8002,52,
331,8001,56,
331,8000,58,
331,7999,56,
331,7998,52,
331,7997,60,
331,7996,52,
331,7995,55,
331,7994,57,
331,7980,56,
331,8003,50,
331,7990,50,
331,7993,60,
331,7988,53,
331,7987,65,
331,7986,54,
331,7985,48,
331,7984,56,
331,7983,51,
331,7982,63,
331,7981,61,
331,8078,51,
331,8030,53,
331,7992,64,
331,8026,53,
331,7991,63,
331,8027,58,
331,8004,61,
331,8025,57,
331,8024,54,
331,8023,61,
331,8022,54,
331,8021,62,
331,8020,60,
331,8019,52,
331,8018,60,
331,8017,58,
331,8006,56,
331,8005,50,
331,8007,55,
331,8008,68,
331,8009,59,
331,8010,58,
331,8012,59,
331,8013,56,
331,8014,58,
331,8015,54,
331,8016,55,
331,8011,46,
332,8151,63,
332,8143,69,
332,8144,69,
332,8145,55,
332,8146,52,
332,8147,53,
332,8148,58,
332,8152,72,
332,8150,58,
332,8142,63,
332,8135,57,
332,8149,44,
332,8141,66,
332,8140,51,
332,8139,51,
332,8138,56,
332,8131,67,
332,8136,58,
332,8153,73,
332,8134,59,
332,8133,55,
332,8132,51,
332,8130,55,
332,8137,64,
332,8166,61,
332,8129,67,
332,8177,61,
332,8176,59,
332,8175,64,
332,8174,64,
332,8173,72,
332,8172,61,
332,8171,54,
332,8170,57,
332,8169,69,
332,8178,56,
332,8167,47,
332,8154,64,
332,8165,60,
332,8164,53,
332,8163,58,
332,8162,69,
332,8161,60,
332,8160,60,
332,8159,68,
332,8158,66,
332,8157,68,
332,8156,69,
332,8155,60,
332,8168,65,
332,8088,51,
332,8102,63,
332,8101,65,
332,8100,68,
332,8099,60,
332,8098,57,
332,8097,55,
332,8096,56,
332,8095,63,
332,8094,64,
332,8093,73,
332,8103,73,
332,8089,67,
332,8092,57,
332,8087,66,
332,8086,63,
332,8085,67,
332,8084,59,
332,8083,55,
332,8082,56,
332,8081,58,
332,8079,55,
332,8128,59,
332,8080,59,
332,8091,64,
332,8126,60,
332,8090,57,
332,8127,65,
332,8104,70,
332,8125,57,
332,8124,61,
332,8123,70,
332,8122,57,
332,8121,65,
332,8120,61,
332,8119,59,
332,8118,67,
332,8117,60,
332,8116,65,
332,8107,63,
332,8106,70,
332,8108,58,
332,8109,69,
332,8110,57,
332,8111,62,
332,8113,50,
332,8114,62,
332,8115,61,
332,8112,59,
332,8105,54,
333,8252,56,
333,8244,58,
333,8245,57,
333,8246,55,
333,8247,51,
333,8248,58,
333,8249,60,
333,8251,50,
333,8243,52,
333,8236,60,
333,8253,60,
333,8250,56,
333,8242,62,
333,8241,65,
333,8240,65,
333,8239,64,
333,8231,58,
333,8237,62,
333,8278,66,
333,8235,65,
333,8234,63,
333,8233,54,
333,8232,59,
333,8230,63,
333,8238,62,
333,8264,75,
333,8277,61,
333,8275,76,
333,8274,72,
333,8273,77,
333,8272,78,
333,8271,78,
333,8270,64,
333,8269,64,
333,8268,72,
333,8267,64,
333,8276,72,
333,8265,67,
333,8254,56,
333,8263,71,
333,8262,56,
333,8261,52,
333,8260,56,
333,8259,55,
333,8258,51,
333,8257,56,
333,8256,63,
333,8255,60,
333,8202,64,
333,8266,71,
333,8188,82,
333,8200,65,
333,8199,74,
333,8198,75,
333,8197,70,
333,8196,68,
333,8195,63,
333,8194,80,
333,8193,68,
333,8192,73,
333,8191,67,
333,8201,74,
333,8189,70,
333,8229,54,
333,8187,73,
333,8186,72,
333,8185,73,
333,8184,67,
333,8183,67,
333,8182,63,
333,8181,61,
333,8180,70,
333,8179,81,
333,8204,63,
333,8190,66,
333,8221,68,
333,8227,62,
333,8226,69,
333,8225,68,
333,8224,74,
333,8203,70,
333,8222,75,
333,8228,67,
333,8220,72,
333,8219,74,
333,8218,75,
333,8217,60,
333,8208,76,
333,8223,78,
333,8216,74,
333,8207,74,
333,8205,77,
333,8209,78,
333,8210,72,
333,8211,70,
333,8212,66,
333,8213,65,
333,8214,66,
333,8215,65,
333,8206,62,
334,8346,58,
334,8342,67,
334,8343,68,
334,8344,70,
334,8345,63,
334,8347,76,
334,8348,82,
334,8349,78,
334,8350,77,
334,8351,75,
334,8353,73,
334,8352,78,
334,8341,71,
334,8340,57,
334,8339,77,
334,8338,60,
334,8337,57,
334,8336,67,
334,8335,70,
334,8334,81,
334,8333,78,
334,8354,67,
334,8331,56,
334,8368,68,
334,8332,75,
334,8378,72,
334,8327,63,
334,8330,62,
334,8377,70,
334,8376,63,
334,8375,71,
334,8374,63,
334,8373,64,
334,8372,55,
334,8371,76,
334,8370,74,
334,8366,74,
334,8367,69,
334,8355,83,
334,8365,67,
334,8364,70,
334,8363,78,
334,8362,57,
334,8361,67,
334,8360,86,
334,8359,80,
334,8358,85,
334,8357,78,
334,8356,78,
334,8369,74,
334,8290,76,
334,8302,77,
334,8301,78,
334,8300,57,
334,8299,67,
334,8298,76,
334,8297,71,
334,8296,69,
334,8295,74,
334,8294,78,
334,8293,74,
334,8303,64,
334,8291,76,
334,8281,68,
334,8289,71,
334,8288,75,
334,8287,67,
334,8286,80,
334,8285,56,
334,8284,64,
334,8283,66,
334,8282,69,
334,8280,64,
334,8329,77,
334,8279,77,
334,8292,62,
334,8320,59,
334,8328,73,
334,8325,66,
334,8324,63,
334,8323,52,
334,8304,77,
334,8321,54,
334,8326,48,
334,8319,75,
334,8318,78,
334,8317,80,
334,8316,77,
334,8308,53,
334,8322,57,
334,8315,67,
334,8307,68,
334,8305,78,
334,8309,72,
334,8310,79,
334,8311,80,
334,8312,68,
334,8313,71,
334,8314,82,
334,8306,71,
335,8445,72,
335,8442,82,
335,8443,68,
335,8444,78,
335,8446,70,
335,8447,68,
335,8448,67,
335,8449,74,
335,8451,70,
335,8450,83,
335,8441,66,
335,8440,86,
335,8439,70,
335,8438,72,
335,8437,84,
335,8436,79,
335,8435,78,
335,8434,77,
335,8433,75,
335,8452,86,
335,8431,86,
335,8466,72,
335,8430,73,
335,8432,70,
335,8465,69,
335,8429,81,
335,8453,82,
335,8476,68,
335,8475,90,
335,8474,97,
335,8473,70,
335,8472,82,
335,8471,80,
335,8470,85,
335,8469,73,
335,8464,84,
335,8467,81,
335,8478,75,
335,8477,78,
335,8463,86,
335,8462,82,
335,8461,83,
335,8460,77,
335,8459,81,
335,8458,78,
335,8457,70,
335,8456,82,
335,8454,82,
335,8468,76,
335,8389,82,
335,8401,82,
335,8400,80,
335,8399,70,
335,8398,63,
335,8397,76,
335,8396,94,
335,8395,77,
335,8394,60,
335,8393,83,
335,8379,84,
335,8402,89,
335,8455,77,
335,8392,78,
335,8388,76,
335,8387,73,
335,8386,81,
335,8385,80,
335,8384,59,
335,8383,77,
335,8382,78,
335,8381,83,
335,8380,90,
335,8428,75,
335,8391,74,
335,8420,77,
335,8427,83,
335,8390,74,
335,8403,77,
335,8425,92,
335,8424,85,
335,8423,79,
335,8421,74,
335,8426,69,
335,8419,77,
335,8418,82,
335,8417,78,
335,8416,79,
335,8406,81,
335,8404,68,
335,8422,77,
335,8405,84,
335,8415,78,
335,8407,84,
335,8408,82,
335,8410,82,
335,8411,82,
335,8412,80,
335,8413,79,
335,8414,71,
335,8409,86,
336,8551,42,
336,8544,42,
336,8545,43,
336,8546,42,
336,8547,43,
336,8548,47,
336,8553,42,
336,8550,39,
336,8543,40,
336,8549,48,
336,8542,45,
336,8541,41,
336,8540,43,
336,8539,47,
336,8538,44,
336,8537,43,
336,8536,41,
336,8535,46,
336,8534,45,
336,8533,41,
336,8532,45,
336,8530,42,
336,8531,45,
336,8567,51,
336,8552,42,
336,8578,42,
336,8529,42,
336,8576,41,
336,8575,38,
336,8574,46,
336,8573,46,
336,8572,47,
336,8571,42,
336,8570,44,
336,8577,47,
336,8568,42,
336,8555,47,
336,8566,44,
336,8565,46,
336,8564,41,
336,8563,43,
336,8562,42,
336,8561,44,
336,8560,38,
336,8559,42,
336,8558,45,
336,8557,42,
336,8556,44,
336,8569,45,
336,8489,44,
336,8501,48,
336,8500,40,
336,8499,42,
336,8498,40,
336,8497,43,
336,8496,42,
336,8495,42,
336,8494,44,
336,8493,45,
336,8479,44,
336,8502,43,
336,8528,49,
336,8492,48,
336,8488,43,
336,8487,46,
336,8486,45,
336,8485,43,
336,8484,42,
336,8483,40,
336,8482,42,
336,8481,47,
336,8480,42,
336,8554,49,
336,8491,42,
336,8520,44,
336,8527,47,
336,8490,42,
336,8503,37,
336,8526,41,
336,8525,44,
336,8524,41,
336,8523,42,
336,8521,42,
336,8519,44,
336,8518,42,
336,8517,46,
336,8516,49,
336,8506,42,
336,8504,45,
336,8522,42,
336,8505,45,
336,8515,45,
336,8507,46,
336,8508,44,
336,8509,36,
336,8511,46,
336,8512,42,
336,8513,44,
336,8514,48,
336,8510,45,
337,8652,40,
337,8645,39,
337,8646,39,
337,8647,44,
337,8648,41,
337,8649,43,
337,8653,40,
337,8651,42,
337,8630,37,
337,8644,37,
337,8650,43,
337,8643,37,
337,8642,41,
337,8641,41,
337,8640,36,
337,8639,39,
337,8638,36,
337,8637,39,
337,8636,42,
337,8635,34,
337,8634,40,
337,8633,41,
337,8631,43,
337,8632,38,
337,8666,42,
337,8602,40,
337,8677,43,
337,8629,39,
337,8675,33,
337,8674,37,
337,8673,37,
337,8672,42,
337,8671,40,
337,8670,41,
337,8669,36,
337,8676,37,
337,8667,43,
337,8654,37,
337,8665,41,
337,8664,40,
337,8663,41,
337,8662,34,
337,8661,34,
337,8660,39,
337,8659,43,
337,8658,37,
337,8657,38,
337,8656,42,
337,8655,40,
337,8668,42,
337,8588,38,
337,8604,40,
337,8599,41,
337,8598,36,
337,8597,39,
337,8596,40,
337,8595,39,
337,8594,42,
337,8593,42,
337,8592,39,
337,8591,43,
337,8601,37,
337,8589,40,
337,8603,41,
337,8587,34,
337,8586,42,
337,8585,40,
337,8584,40,
337,8583,43,
337,8582,41,
337,8581,40,
337,8580,42,
337,8579,41,
337,8678,37,
337,8590,35,
337,8615,36,
337,8627,36,
337,8626,41,
337,8625,40,
337,8624,40,
337,8623,38,
337,8622,43,
337,8621,39,
337,8620,42,
337,8619,37,
337,8618,41,
337,8600,40,
337,8616,39,
337,8628,40,
337,8614,42,
337,8613,38,
337,8612,36,
337,8611,37,
337,8610,36,
337,8609,36,
337,8608,40,
337,8607,35,
337,8606,43,
337,8605,42,
337,8617,37,
